user_id,show_id,rating,title
1,4483,5.0,Here to Heart
1,7713,3.1,Patient Seventeen
1,4313,4.2,"Out of Many, One"
1,5287,2.6,The Vampire Diaries
1,2556,2.7,In Paradox
1,6004,2.3,"27, el club de los malditos"
1,1054,4.4,Wave of Cinema: One Day We'll Talk About Today
1,7992,1.5,Shahanpan Dega Deva
1,2846,3.1,Velvet
1,7286,2.6,Legion
1,2387,4.5,4th Republic
1,7925,1.9,Samantaral
1,4159,4.2,Rudy Habibie
1,1231,4.5,City of Ghosts
1,8449,2.6,The Pelican Brief
1,1198,3.5,RebellComedy: Straight Outta the Zoo
1,6910,4.0,HALO Legends
1,1697,3.0,Survivor
1,453,4.1,BEASTARS
1,6663,4.9,Easy Fortune Happy Life
2,4040,4.3,That Thing Called Tadhana
2,790,4.0,Dream/Killer
2,1544,1.9,Grizzlies
2,3829,4.0,Malibu Rescue
2,196,2.5,He's All That
2,5337,2.2,Baahubali: The Beginning (Hindi Version)
2,264,4.2,Walk of Shame
2,6028,3.3,A Billion Colour Story
2,2780,3.0,Curtiz
2,868,4.8,The Magic School Bus
2,4518,4.5,The Haunting of Hill House
2,85,2.7,Pokémon Master Journeys: The Series
2,1128,3.0,S.W.A.T.: Under Siege
2,4169,1.3,Mi Obra Maestra
2,2291,2.8,What the Fish
2,4732,1.0,Rang De Basanti
2,4749,3.4,Coco y Raulito: Carrusel de ternura
2,5349,4.5,Entangled
2,5570,5.0,Howards End
2,7025,3.6,Hungerford
3,1841,3.4,The Last Kids on Earth
3,2154,4.9,Stars in the Sky: A Hunting Story
3,333,1.9,Ferris Bueller's Day Off
3,186,4.4,Hometown Cha-Cha-Cha
3,3056,4.8,Chhota Bheem Kung Fu Dhamaka Series
3,4045,4.2,The Hard Way
3,8074,3.7,Spy Kids
3,403,2.0,The Movies That Made Us
3,6917,1.0,Hannibal
3,2925,2.8,To All the Boys: P.S. I Still Love You
3,800,1.8,Mosquita y Mari
3,3919,2.9,Thriller
3,8723,4.4,What Makes a Psychopath?
3,3766,1.9,Pachamama
3,3987,1.1,Antoine Griezmann: The Making of a Legend
3,571,4.9,Generation 56k
3,5440,5.0,Shimmer Lake
3,4089,3.5,The Big Family Cooking Showdown
3,6048,3.9,A new Capitalism
3,2162,3.5,The Rain
4,3816,5.0,See You Yesterday
4,5070,3.0,Love and Hong Kong
4,5877,3.7,Sammy & Co
4,2816,2.3,100 Humans
4,6464,2.7,Chhota Bheem Kungfu Dhamaka
4,2501,3.8,Either Me Or My Auntie
4,6446,2.6,Charlie and the Chocolate Factory
4,2254,2.9,The Protector
4,4632,1.5,The Good Cop
4,2618,5.0,Küçük Esnaf
4,6377,3.0,Bring It On: Worldwide Showdown
4,4621,3.6,Made in Mexico
4,4627,2.2,Battlefish
4,1330,2.7,The World We Make
4,598,3.9,The American
4,5172,3.2,Bon Cop Bad Cop 2
4,7813,3.2,Queens vs. Kings
4,4060,1.4,Radio Rebel
4,1393,2.4,Sightless
4,2430,2.7,Lady Bird
5,6193,3.8,ATM
5,1681,3.9,The Princess Switch: Switched Again
5,507,4.5,Three Thieves
5,851,2.7,99 Songs (Tamil)
5,6556,3.7,Dance Academy
5,1097,4.5,Coded Bias
5,7411,3.2,Martin Lawrence Live: Runteldat
5,3201,2.8,Thug Life
5,7387,2.5,Maine Pyar Kiya
5,8171,2.5,Tezz
5,4178,4.0,Marvel's The Punisher
5,8706,4.6,We the Animals
5,7938,4.5,Sarivar Sari
5,6696,2.8,End of Watch
5,6926,1.0,Harlem Globetrotters: The Team That Changed the World
5,6107,2.2,Aitraaz
5,3221,4.3,Merry Happy Whatever
5,356,1.9,The Losers
5,1389,4.4,Friendsgiving
5,5387,1.7,10 jours en or
6,6886,3.5,Gothika
6,4985,4.1,Tabula Rasa
6,6220,2.9,Balto
6,5554,3.0,Five Came Back
6,8397,1.9,The Lizzie Borden Chronicles
6,6605,3.7,Di Renjie zhi Sidatianwang
6,573,2.5,Kung Fu Panda
6,3667,3.4,3Below: Tales of Arcadia
6,6803,3.2,Friday Night Tykes
6,4069,4.5,Beauty and the Bestie
6,5924,1.4,Chelsea Peretti: One of the Greats
6,5725,4.5,The Ivory Game
6,1661,2.0,Strongest Deliveryman
6,5561,3.0,The Most Hated Woman in America
6,7827,1.2,Ram Teri Ganga Maili
6,7265,3.1,Lalbaug Parel: Zali Mumbai Sonyachi
6,8492,3.4,The Roommate
6,5457,3.9,Mind Game
6,6637,2.9,Doubt
6,4066,5.0,Your Son
7,5440,4.4,Shimmer Lake
7,7206,2.9,Kilo Two Bravo
7,4179,4.3,Memory Love
7,6143,3.9,American History X
7,7539,3.2,My Life as a Zucchini
7,8081,3.1,Star Men
7,2355,2.1,Disclosure
7,7395,3.4,Manglehorn
7,850,3.9,99 Songs
7,4173,2.1,Just Love
7,4365,2.3,Frontier
7,2484,2.3,Lock Your Girls In
7,2959,3.3,Itaewon Class
7,7451,4.6,MI-5
7,180,3.2,The Nutty Professor II: The Klumps
7,7645,2.8,Oh My Ghost 4
7,586,5.0,Pet Sematary 2
7,871,4.8,Sardar Ka Grandson
7,3429,4.5,Fractured
7,3453,3.7,Raising Dion
8,6817,1.1,Furthest Witness
8,8128,2.9,Superman Returns
8,6914,1.1,Hamza's Suitcase
8,1269,3.8,Geez & Ann
8,5731,3.5,Love Me or Leave Me
8,358,4.5,The Net
8,2486,4.8,Mystic Pop-up Bar
8,806,4.7,Seven Souls in the Skull Castle: Season Moon Jogen
8,1471,3.9,Best of Stand-Up 2020
8,2610,3.0,R.K.Nagar
8,7180,5.0,Kevin Hart: Seriously Funny
8,7624,2.9,Nuestra Lucha Libre
8,2639,3.4,دفعة القاهرة
8,718,2.2,Life of Crime
8,153,4.1,Kid-E-Cats
8,4879,2.6,Kong: King of the Apes
8,7165,4.0,Kajraare
8,6767,2.4,Flash of Genius
8,8624,4.9,Tremors 4: The Legend Begins
8,1915,3.3,Oktoberfest: Beer & Blood
9,8052,4.1,Solo: A Star Wars Story (Spanish Version)
9,8072,3.8,Spring Breakers
9,2626,1.1,The Lift Boy
9,2256,2.4,Born Racer
9,4979,1.5,Take Your Pills
9,7091,5.0,Invictus
9,7167,1.0,Kalki
9,6894,5.0,Great Interior Design Challenge
9,219,2.8,EDENS ZERO
9,16,4.4,Europe's Most Dangerous Man: Otto Skorzeny in Spain
9,5157,2.9,Argon
9,5300,3.4,Khoon Khoon
9,7210,4.7,Kingpin
9,683,4.3,A Family
9,5512,4.4,Small Crimes
9,4684,3.4,Bert Kreischer: Secret Time
9,1568,2.6,"Kalel, 15"
9,6127,3.2,AlphaGo
9,6763,3.2,Fit for Fashion
9,7401,4.1,Mantra
10,7055,3.8,Igor
10,5301,2.3,LEGO Elves: Secrets of Elvendale
10,7826,3.3,Ralph Breaks the Internet: Wreck-It Ralph 2
10,5682,2.8,Spectral
10,7146,2.8,Jugaad
10,8037,3.8,Sleepover
10,6223,2.1,Balu Mahi
10,2105,2.8,Hoops
10,4036,4.7,Walk. Ride. Rodeo.
10,1759,3.6,LEGO Ninjago: Masters of Spinjitzu
10,5635,3.0,We Are Young. We Are Strong.
10,8406,3.2,The Love Guru
10,7784,1.0,Power Rangers Wild Force
10,4007,4.4,Jeff Dunham: Arguing with Myself
10,4734,3.4,Tamasha
10,556,3.0,The 8th Night
10,6828,2.7,Garuda Di Dadaku
10,1319,4.2,Xico's Journey
10,7402,3.5,Mara
10,3818,4.8,Good Sam
11,5670,3.6,Ice Fantasy
11,4993,2.9,The Outsider
11,5410,3.8,Yours Fatefully
11,3135,3.3,Fukrey
11,7545,1.5,My Scientology Movie
11,6761,3.0,Fishpeople
11,1408,1.9,The Magicians
11,5810,2.3,I'll Sleep When I'm Dead
11,6617,1.0,District 9
11,2942,4.0,My Holo Love
11,5438,3.7,Under the Black Moonlight
11,552,3.5,Holiday on Mars
11,7562,1.7,National Lampoon's Loaded Weapon 1
11,2443,4.5,122
11,4758,2.5,Amazing Interiors
11,3373,3.5,Drug Squad: Costa del Sol
11,4703,2.2,Afflicted
11,8578,4.5,Thithi
11,7448,2.5,Merry Men: The Real Yoruba Demons
11,5487,4.5,Wild Oats
12,4526,3.7,Pulang
12,6319,2.1,Bitter Daisies
12,457,2.0,Lift Like a Girl
12,8163,4.2,Temporada de Caza
12,2374,1.4,Stray Bullet
12,477,3.3,Atypical
12,1671,4.4,The App That Stole Christmas
12,7512,3.6,Morya
12,4422,4.0,ABCD 2
12,7963,3.5,Seal Team Six: The Raid on Osama Bin Laden
12,7696,1.0,Paint It Black
12,3851,2.6,Unchained Fate
12,4044,3.5,A Korean Odyssey
12,7814,4.3,R.L. Stine's Mostly Ghostly
12,4072,4.2,Evening Shadows
12,3018,3.8,Legend
12,877,5.0,Cinema Bandi
12,3081,3.1,How High 2
12,6456,2.3,Cheers
12,5113,4.7,Bright
13,2331,3.1,Home Game
13,7297,2.2,License to Drill: Louisiana
13,7418,3.4,Mary Portas: Secret Shopper
13,7807,2.8,Q Ball
13,7486,4.4,Monkey Up
13,6608,3.2,Diary of a Chambermaid
13,7695,3.3,Paid in Full
13,7910,4.2,Rustom
13,1333,5.0,War Dogs
13,2397,2.5,Jo Koy: In His Elements
13,7087,2.6,Into the Forest
13,496,3.3,Brick Mansions
13,4232,2.2,Bill Hicks: Revelations
13,1960,4.0,Kiss the Ground
13,3,4.3,Jailbirds New Orleans
13,2006,3.6,Buddi
13,3728,5.0,The End of Evangelion
13,462,4.8,This Changes Everything
13,2464,2.4,Grandmother's Farm Part 2
13,3500,2.8,Between Two Ferns: The Movie
14,2417,2.6,13 Reasons Why
14,3322,5.0,"Liar, Liar, Vampire"
14,4960,1.7,Happy Anniversary
14,5494,4.6,Kazoops!
14,67,3.3,Saved by the Bell
14,7959,2.4,Scooby-Doo on Zombie Island
14,4270,2.1,LAST HOPE
14,78,1.6,Tughlaq Durbar
14,6092,3.0,Adrishya
14,4794,4.6,Duck Butter
14,2581,2.1,I Am Divine
14,4643,2.3,The Rise of Phoenixes
14,4046,4.4,Everyday I Love You
14,1497,5.0,"Hello, Love, Goodbye"
14,2852,2.9,W.E.
14,3197,2.1,Mahi NRI
14,192,3.9,C Kkompany
14,4306,4.2,ROMA
14,4845,1.8,Arrested Development
14,5501,3.9,He Even Has Your Eyes
15,907,2.9,In Our Mothers' Gardens
15,2110,2.3,Scarecrow
15,1630,3.6,Finding Agnes
15,6435,3.7,Cave
15,4468,4.3,Heneral Luna
15,7228,3.2,Krish Trish and Baltiboy: Best Friends Forever
15,5092,5.0,Devilman Crybaby
15,8535,4.3,The Trigger Effect
15,4000,1.6,5 Flights Up
15,758,3.7,Feel Good
15,8421,3.3,The Messengers
15,171,3.5,Same Kind of Different as Me
15,7653,2.3,Onaatah
15,104,3.5,Tayo the Little Bus
15,5619,4.1,Heroes Wanted
15,3630,1.4,Uriyadi 2
15,1755,5.0,Leah Remini: Scientology and the Aftermath
15,7787,1.1,Power Rangers: Megaforce: Raising Spirits
15,766,4.6,Alan Saldaña: Locked Up
15,8777,2.7,Yes or No
16,5291,2.8,"Alias JJ, la celebridad del mal"
16,593,5.0,Snow Day
16,6729,1.0,F the Prom
16,1163,4.5,Magic for Humans Spain
16,8699,4.3,Warehoused
16,8016,3.3,Siddhant
16,2832,4.3,All About Love
16,4630,1.2,Quincy
16,6339,1.6,Blue Jasmine
16,600,3.5,The Game
16,4087,4.1,Paris Is Us
16,4384,3.5,Ponysitters Club
16,8444,3.7,The Only Mother To You All
16,8715,2.5,Welcome to New York
16,6814,3.8,Full Out
16,497,4.8,Cat People
16,4053,4.4,Budapest
16,396,4.3,Blood Red Sky
16,448,5.0,The Twilight Saga: Breaking Dawn: Part 2
16,488,4.2,Virgin River
17,3005,2.2,DreamWorks How to Train Your Dragon Legends
17,4591,3.1,My Suicide
17,1619,3.3,Oddbods
17,1282,4.0,Zindagi in Short
17,3061,3.9,Jeff Dunham: Unhinged in Hollywood
17,2534,3.0,Malang
17,5465,3.1,The Dream Job
17,3036,4.4,Jamtara - Sabka Number Ayega
17,4474,4.7,Santo Cachón
17,1578,4.3,Juman
17,6787,3.2,Forever Pure
17,6956,3.6,Hell or High Water
17,6229,2.9,Bangkok Hell
17,6092,1.9,Adrishya
17,2892,3.5,Hyena
17,113,3.5,Afterlife of the Party
17,5818,2.7,Jim Gaffigan: Obsessed
17,2210,2.7,Offering to the Storm
17,7418,2.7,Mary Portas: Secret Shopper
17,8241,2.4,The CEO
18,1632,3.3,Spookley and the Christmas Kittens
18,7365,4.3,Mac & Devin Go to High School
18,2432,5.0,Alone
18,2667,3.7,Babamın Ceketi
18,1443,3.4,QB1: Beyond the Lights
18,5589,5.0,Operações Especiais
18,2353,3.0,Chaman Bahaar
18,7262,4.7,Lady in the Water
18,1639,1.4,Heartbreak High
18,4031,2.2,Hajwala 2: Mysterious Mission
18,7704,3.4,Paranormal Activity
18,364,4.5,Centaurworld
18,547,3.4,We the People
18,8242,4.0,The Charnel House
18,2772,3.9,Wassup Man GO!
18,7075,4.3,Inequality for All
18,108,3.1,Dive Club
18,6844,2.3,Ghayal
18,121,3.6,Hotel Del Luna
18,6587,3.0,Deep Water
19,428,5.0,Words Bubble Up Like Soda Pop
19,1603,1.5,Alien Worlds
19,6210,4.7,Backtrack
19,2945,2.8,Cagaster of an Insect Cage
19,3193,2.9,High End Yaariyan
19,7858,4.2,Residente
19,4450,4.4,Marc Maron: Thinky Pain
19,4208,4.2,GODZILLA The Planet Eater
19,2928,2.3,Good Time
19,1759,3.7,LEGO Ninjago: Masters of Spinjitzu
19,231,3.2,The Water Man
19,2829,5.0,Marc Maron: End Times Fun
19,3670,3.7,Cities of Last Things
19,8200,4.1,The Bachelors
19,7770,4.6,Power Rangers Operation Overdrive
19,4009,2.8,Jeff Dunham: Minding the Monsters
19,7532,1.7,My Brother ... Nikhil
19,5503,4.0,JFK: The Making of a President
19,3961,1.3,Pablo
19,8237,1.8,The Car
20,5366,3.0,World War II in Colour
20,83,2.4,Metal Shop Masters
20,5324,3.2,20 Minutes
20,5956,2.1,Just Another Love Story
20,1522,2.2,Talentime
20,6436,4.4,Celluloid Man
20,8252,4.9,The Competition
20,7180,3.8,Kevin Hart: Seriously Funny
20,4949,4.8,Fallet
20,2085,1.5,I AM A KILLER: RELEASED
20,8748,1.0,Winter of Our Dreams
20,4523,1.0,Blood Pact
20,8042,4.2,Small Soldiers
20,2768,1.8,The Decline
20,7772,4.8,Power Rangers S.P.D.
20,5806,2.6,Witches: A Century of Murder
20,3629,4.1,Otherhood
20,609,3.0,The Tourist
20,5212,1.0,Wedding Unplanned
20,28,5.0,Dark Skies
21,4645,2.1,Life
21,629,3.5,A Way Back Home
21,2683,4.2,Mischief
21,7148,4.4,Julius Jr.
21,4713,3.0,Baaghi
21,4224,4.2,Puriyatha Puthir
21,1563,5.0,Funny Boy
21,3636,2.6,Twelve Forever
21,4306,4.9,ROMA
21,7174,2.5,Kay Dyache Bola
21,6069,5.0,A.X.L.
21,1836,3.2,Disconnect
21,4159,5.0,Rudy Habibie
21,5806,2.9,Witches: A Century of Murder
21,2427,3.6,Hot Sweet Sour
21,3859,4.2,All In My Family
21,7511,1.9,Mortified Nation
21,5330,5.0,Los Herederos
21,4213,2.8,El Potro: Unstoppable
21,8636,2.8,True to the Game
22,5215,2.9,In Laws
22,654,3.7,#Selfie
22,2772,4.0,Wassup Man GO!
22,1040,4.2,Durarara!!
22,1689,3.1,Loving
22,3424,3.6,"Martin Matte: La vie, la mort...eh la la..!"
22,4781,1.1,Luciano Mellera: Infantiloide
22,8517,5.0,The Stanford Prison Experiment
22,1692,5.0,America's Next Top Model
22,969,2.0,August: Osage County
22,7890,3.3,Room for Rent
22,3502,3.0,Criminal: Germany
22,6702,3.0,Equals
22,1884,1.5,Walk Away from Love
22,7841,5.0,Recall
22,2034,2.6,So Much Love to Give
22,4290,5.0,DreamWorks Holiday Classics
22,1104,2.8,An American Girl: McKenna Shoots for the Stars
22,5326,2.9,Colin Quinn: Unconstitutional
22,4851,2.9,Steve Martin and Martin Short: An Evening You Will Forget for the Rest of Your Life
23,7033,3.0,Hyori's Bed & Breakfast
23,8084,2.9,Starred Up
23,6605,4.8,Di Renjie zhi Sidatianwang
23,7087,4.4,Into the Forest
23,4867,4.1,Evil Genius
23,2249,1.2,The Epic Tales of Captain Underpants in Space
23,2598,4.1,DRIFTING DRAGONS
23,1152,2.4,Rainbow High
23,4633,4.6,Mobile Suit Gundam UC
23,6300,2.4,Bhouri
23,7566,3.9,Natural Born Pranksters
23,80,2.0,Firedrake the Silver Dragon
23,3492,4.0,Oh! Baby (Malayalam)
23,4615,4.8,Zindagi Kitni Haseen Hay
23,4364,3.9,My Little Pony Friendship Is Magic: Best Gift Ever
23,4826,2.2,Maktub
23,4874,3.8,A Little Help with Carol Burnett
23,6807,3.1,From Japan to Egypt
23,6871,3.5,Gomorrah
23,1751,5.0,Elf Pets: A Fox Cub’s Christmas Tale
24,8372,4.1,The Jane Austen Book Club
24,3170,1.5,No Game No Life: Zero
24,3828,3.2,Weed the People
24,1144,3.8,Yes Man
24,260,4.0,The Defeated
24,5362,1.6,The In-Laws
24,459,2.8,Never Have I Ever
24,1643,4.1,The Call
24,6570,3.9,Daughters of the Dust
24,2081,3.3,True: Friendship Day
24,6879,2.7,Good People
24,4190,1.0,Pandigai
24,4152,3.5,Bhasmasur
24,5429,4.3,Kanavu Variyam
24,2117,3.0,Crazy Awesome Teachers
24,5438,2.4,Under the Black Moonlight
24,2852,2.3,W.E.
24,4566,3.6,Freedom at Midnight
24,1562,4.5,Alice in Borderland
24,5988,3.1,13 Sins
25,4497,4.1,Oddbods: Party Monsters
25,6252,3.6,Battle Creek
25,5819,3.7,David Cross: Making America Great Again!
25,7786,4.1,Power Rangers: Megaforce
25,3092,3.7,Kevin Hart: Don’t F**k This Up
25,1987,2.6,Residue
25,2657,2.6,Win the Wilderness
25,6164,2.5,Anger Management
25,5030,5.0,Hitler's Circle of Evil
25,7551,3.0,Mystery Science Theater 3000
25,5513,1.8,What in the World Happened?
25,6300,3.3,Bhouri
25,4916,1.6,Bill Nye: Science Guy
25,3953,4.4,Kicko & Super Speedo
25,498,2.8,Clash
25,6930,4.7,Harold Shipman - Driven to Kill
25,6073,2.0,Aarakshan
25,1357,3.6,Rocks
25,4711,2.3,On Children
25,8646,1.0,Twirlywoos
26,4512,2.2,Errementari: The Blacksmith and the Devil
26,5114,3.7,Desire
26,1414,4.4,The Heartbreak Club
26,3014,2.8,Deadcon
26,8573,2.2,Theo Who Lived
26,2435,2.5,Life's Speed Bump
26,6201,3.7,Avicii: True Stories
26,7353,3.3,Love Your Garden
26,1639,1.8,Heartbreak High
26,7648,3.6,Oliver Stone's Untold History of the United States
26,4983,2.7,Jag älskar dig: En skilsmässokomedi
26,704,5.0,A Man For The Week End
26,5932,3.9,From One Second to the Next
26,542,2.2,Ujala
26,5995,4.3,1st Summoning
26,3351,1.9,Vientos de agua
26,4596,4.1,Peace Haven
26,8151,4.3,Tarzan
26,7560,2.1,Natalia Valdebenito: Gritona
26,5453,2.2,Little Boxes
27,8353,2.6,The Hunt
27,3670,3.1,Cities of Last Things
27,2096,5.0,Million Dollar Beach House
27,6824,2.6,Game Winning Hit
27,8551,5.0,The War: A Film by Ken Burns and Lynn Novick
27,8181,4.2,The Adventure Club
27,156,3.4,Letters to Juliet
27,188,3.3,2 Alone in Paris
27,242,3.1,Comedy Premium League
27,8779,4.0,Yes or No 2.5
27,1782,1.7,Suburra: Blood on Rome
27,8274,5.0,The Detained
27,5199,4.6,Pup Star: Better 2Gether
27,837,3.0,Ragnarok
27,1079,1.5,The Baker and the Beauty
27,2129,5.0,Fearless
27,2703,3.3,Mine 9
27,7238,3.8,Kuldip Patwal: I Didn't Do It!
27,4261,1.8,Way Back into Love
27,7822,1.2,Raiders!: The Story of the Greatest Fan Film Ever Made
28,4875,5.0,Anon
28,5,2.1,Midnight Mass
28,4447,1.0,Katt Williams: The Pimp Chronicles: Pt. 1
28,1961,4.9,The Playbook
28,8682,2.3,Vizontele Tuuba
28,4838,4.0,Dinosaur King
28,5784,2.8,Iliza Shlesinger: Confirmed Kills
28,6068,2.6,A.M.I.
28,1482,3.5,Transformers: War for Cybertron: Earthrise
28,2488,3.3,Raya and Sakina
28,1355,4.6,Love Daily
28,3604,4.0,Sintonia
28,3482,4.5,Deliha 2
28,5010,1.6,Love Beats Rhymes
28,1609,3.8,Angela's Christmas Wish
28,3252,3.9,Holiday Secrets
28,7038,2.7,I Am Maris
28,5042,4.6,The Ritual
28,1110,5.0,Madame Claude
28,4812,3.3,TAU
29,7655,4.4,Once In A Lifetime Sessions with Nile Rodgers
29,1846,4.2,El-Khawaga's Dilemma
29,7370,1.7,Mad Ron's Prevues from Hell
29,6573,3.6,Dayveon
29,5842,2.3,Bo Burnham: Make Happy
29,7658,3.2,Once Upon a Time in London
29,388,2.1,Plastic Cup Boyz: Laughing My Mask Off!
29,1709,1.0,First Love
29,8314,3.1,The Frozen Ground
29,6661,2.1,East Side Sushi
29,6300,2.1,Bhouri
29,676,2.4,Riverdale
29,7645,3.2,Oh My Ghost 4
29,7687,2.4,P
29,7278,1.2,"LeapFrog: Sing-along, Read-along"
29,6100,3.9,Age Gap Love
29,557,2.3,Winchester
29,655,4.0,#Selfie 69
29,3930,4.4,The Silence
29,4320,5.0,Neo Yokio
30,1827,3.1,Under the Bombs
30,4295,4.2,F.R.E.D.I.
30,472,3.3,Ridley Jones
30,137,4.7,Crocodile Dundee in Los Angeles
30,6977,2.8,Hitch
30,873,5.0,Ahaan
30,2773,4.2,Willy and the Guardians of the Lake: Tales from the Lakeside Winter Adventure
30,4118,2.0,Iron Ladies
30,6039,1.3,A Haunted House
30,4261,4.4,Way Back into Love
30,1924,2.6,We Have Always Lived in the Castle
30,218,2.7,Titletown High
30,3286,4.5,My Dear Warrior
30,3795,2.8,After Maria
30,3624,3.1,No Good Nick
30,8176,4.6,The 24 Hour War
30,4702,2.3,72 Dangerous Animals: Asia
30,1268,3.1,El final del paraíso
30,1618,1.7,Octonauts
30,276,2.4,Valeria
31,6953,2.9,Helix
31,7404,3.4,Marching Orders
31,1325,5.0,Red Dot
31,7320,3.5,Little Sister
31,4904,1.1,Running Shaadi
31,1003,5.0,Zero
31,3220,4.6,Lugar de Mulher
31,4926,3.8,The Honeymoon Stand Up Special
31,5501,4.0,He Even Has Your Eyes
31,7309,2.5,Lion's Heart
31,3627,5.0,Basketball or Nothing
31,7600,4.0,NOVA: Black Hole Apocalypse
31,2030,4.3,Cargo
31,7801,1.6,Pukar
31,2559,4.5,Becoming
31,8194,3.0,The Apostate
31,4761,2.5,Father of the Year
31,4930,1.7,The Magic School Bus Rides Again
31,5094,3.3,Eve's Apple
31,7445,2.8,Merantau
32,5770,2.4,Much Ado About Nothing
32,5231,4.2,ID-0
32,3005,4.3,DreamWorks How to Train Your Dragon Legends
32,7427,1.0,Maynard
32,5295,2.4,Chadi Jawani Budhe Nu
32,5623,2.8,Semana Santa
32,6769,4.1,Flock of Four
32,4617,2.3,Paradise Lost
32,364,4.1,Centaurworld
32,3844,1.9,Bibik-Bibikku
32,4953,1.6,Metro
32,1070,2.9,Why Did You Kill Me?
32,4772,3.2,Meteor Garden
32,1043,1.6,Gilmore Girls
32,5983,2.5,100 Years: One Woman's Fight for Justice
32,275,3.6,The Kingdom
32,5397,2.6,Learning Songs by Little Baby Bum: Nursery Rhyme Friends
32,725,5.0,Elite Short Stories: Guzmán Caye Rebe
32,739,4.7,Wish Dragon
32,2223,3.1,Killer Women with Piers Morgan
33,4513,4.8,Feminists: What Were They Thinking?
33,7486,3.5,Monkey Up
33,2066,3.0,Erased
33,877,3.1,Cinema Bandi
33,357,4.6,The Machinist
33,3716,2.3,Forest of Piano
33,2996,2.6,Alex Fernández: The Best Comedian in the World
33,3033,3.4,AJ and the Queen
33,8719,4.5,What a Wonderful Family!
33,8722,3.1,What Lies Beneath
33,598,1.7,The American
33,4450,3.5,Marc Maron: Thinky Pain
33,5487,3.6,Wild Oats
33,8397,2.5,The Lizzie Borden Chronicles
33,2617,3.0,İstanbul Kırmızısı
33,7353,4.5,Love Your Garden
33,3422,2.6,The Game Changers
33,8555,1.0,The Wedding Curse
33,7919,2.5,Saeed Mirza: The Leftist Sufi
33,5463,3.8,Smoke & Mirrors
34,6572,2.6,Days We Stared at the Sun
34,6072,3.6,Aajcha Divas Majha
34,8549,2.8,The Vietnam War: A Film by Ken Burns and Lynn Novick
34,1521,1.8,Rabun
34,8506,1.2,The Sign of Venus
34,4818,5.0,Life Sentence
34,124,3.9,Pororo - The Little Penguin
34,6656,5.0,E-Cigarettes: Miracle or Menace?
34,3353,3.6,Zoé: Panoramas
34,283,3.4,Misha and the Wolves
34,3924,3.5,Francesco De Carlo: Cose di Questo Mondo
34,2797,1.0,Vampires
34,677,3.9,Schitt's Creek
34,5386,4.4,The Legend of Bruce Lee
34,2488,1.2,Raya and Sakina
34,3725,1.9,Shooter
34,3213,4.8,Lagos Real Fake Life
34,3507,4.8,Travel Mates 2
34,3100,4.0,Jarhead: Law of Return
34,1731,5.0,A New York Christmas Wedding
35,966,3.9,Get the Grift
35,6256,1.7,Be Here Now
35,238,4.6,Boomika (Malayalam)
35,8189,3.9,The Andy Griffith Show
35,3274,4.6,La Robe De Mariee Des Cieux
35,3804,2.9,The Man Who Feels No Pain
35,2032,3.1,Get Organized with The Home Edit
35,1261,4.4,Fuga
35,8748,2.4,Winter of Our Dreams
35,3886,3.7,Señora Acero
35,6681,3.0,Elizabeth at 90: A Family Tribute
35,1851,3.2,One on One
35,2021,2.3,Greenleaf
35,5175,3.2,Lady Dynamite
35,4783,3.3,The Skin of the Wolf
35,4577,3.7,Khoobsurat
35,7660,3.4,One Day
35,7505,1.0,Monty Don's Italian Gardens
35,6407,2.4,Call Me Francis
35,6706,3.2,Estar o no estar
36,3107,2.0,Jacob's Ladder
36,4820,3.8,Derren Brown: Miracle
36,1826,3.5,The Little Wars
36,183,2.4,In the Line of Fire
36,7017,5.0,How to Live Mortgage Free with Sarah Beeny
36,2586,3.8,Monthly Girls' Nozaki Kun
36,4001,1.0,Green Door
36,7075,2.6,Inequality for All
36,1724,3.4,Bakugan: Battle Planet
36,7667,2.8,Only God Forgives
36,1362,3.2,Total Drama
36,1777,4.5,Kaali Khuhi
36,1780,3.6,Rogue City
36,4826,5.0,Maktub
36,7651,2.9,On the Wrong Track
36,37,3.0,Angry Birds
36,5148,2.4,Voyeur
36,5415,3.5,Okja
36,77,1.8,Little Singham - Black Shadow
36,5252,4.4,Gerald's Game
37,4873,5.0,Pup Star: World Tour
37,2613,2.0,Bir Baba Hindu
37,2375,2.0,The Blazing Sun
37,2046,3.8,Kandasamys: The Wedding
37,8803,2.8,Zombie Dumb
37,5733,3.9,Norman Lear: Just Another Version of You
37,4534,2.7,Super Monsters Save Halloween
37,1996,2.5,The Paramedic
37,6368,3.2,Brain Games
37,54,5.0,InuYasha the Movie: Affections Touching Across Time
37,484,5.0,Lee Su-geun: The Sense Coach
37,1382,5.0,She Is
37,402,2.2,The Last Letter From Your Lover
37,4651,3.8,Transformers Prime
37,2324,2.3,#FriendButMarried 2
37,2550,4.1,18 Presents
37,5002,3.3,Natalia Valdebenito: El especial
37,6976,1.8,History's Greatest Hoaxes
37,4631,2.9,Rafinha Bastos: Ultimatum
37,4457,2.8,Satyagraha
38,1808,3.8,Fisherman's Friends
38,5342,5.0,Alan Saldaña: Mi vida de pobre
38,8190,3.0,The Angry Birds Movie 2
38,1733,3.8,Carmel: Who Killed Maria Marta?
38,7013,1.8,How the Grinch Stole Christmas
38,2371,4.2,Lola Igna
38,8542,3.3,The Ugly Truth
38,5949,2.7,Too Young the Hero
38,4405,4.7,Super Drags
38,2763,1.0,Dragons: Rescue Riders: Hunt for the Golden Dragon
38,4366,3.7,Fugitiva
38,8202,4.8,The Bad Kids
38,8609,4.0,Towies
38,8423,1.6,The Minimighty Kids
38,6269,1.9,Because We're Heading Out
38,5222,2.9,Blessed Benefit
38,3175,1.5,The Confession Killer
38,1716,3.5,Aunty Donna's Big Ol' House of Fun
38,2615,3.2,Cinar Agaci
38,4934,2.3,6 Balloons
39,8603,1.0,Tomorrow Never Dies
39,6705,2.2,Esperando La Carroza
39,5339,1.0,Baahubali: The Beginning (Tamil Version)
39,3819,5.0,Jonaki
39,2841,1.0,Mighty Little Bheem: Festival of Colors
39,3519,2.8,Kabaneri of the Iron Fortress: The Battle of Unato
39,8413,3.2,The Mask of Zorro
39,8626,4.7,Tremors 6: A Cold Day in Hell
39,6157,1.0,An Interview with God
39,1734,3.6,Midnight at the Magnolia
39,8255,2.0,The Consul's Son
39,1566,3.1,She's the One
39,2242,5.0,Urzila Carlson: Overqualified Loser
39,480,5.0,Finding Hubby
39,7522,3.5,Ms. Mammy
39,7392,1.7,Man vs Wild with Sunny Leone
39,7381,3.9,Maharakshak Devi
39,7684,2.3,Our House
39,5692,2.7,Lost & Found Music Studios
39,8624,3.1,Tremors 4: The Legend Begins
40,2543,1.9,Unbreakable Kimmy Schmidt: Kimmy vs. the Reverend
40,7856,2.8,Republic of Doyle
40,4461,2.0,The Great British Baking Show: The Beginnings
40,3259,3.4,Iron Sky: The Coming Race
40,8156,1.7,Teen Patti
40,6652,2.2,Dueños del paraíso
40,8347,3.2,The Homecoming
40,1220,2.2,Coven of Sisters
40,157,2.5,Level 16
40,119,5.0,Here and There
40,5801,1.2,Conspiracy
40,2572,4.7,Roped
40,3508,3.4,True: Tricky Treat Day
40,5314,1.3,Todo Sobre El Asado
40,4854,2.3,Tig Notaro Happy To Be Here
40,8746,1.6,Winnie
40,5708,4.3,Michael Che Matters
40,2755,1.9,Indian Horse
40,8515,2.0,The Spy Next Door
40,4374,2.6,Sabrina
41,8313,1.0,The Free Man
41,5960,2.6,187
41,4286,4.2,Prince of Peoria: A Christmas Moose Miracle
41,6669,4.1,Ek Hasina Thi
41,139,3.3,Do the Right Thing
41,2603,3.7,The Victims' Game
41,1772,3.3,The 12th Man
41,748,3.2,"Fresh, Fried & Crispy"
41,4338,3.1,Don't Go Breaking My Heart 2
41,1538,2.5,Marvel Anime: Wolverine
41,5961,2.7,706
41,1303,3.6,The Most Unknown
41,1487,2.4,Sakho & Mangane
41,1344,5.0,The Last Paradiso
41,4094,2.8,Genius
41,3194,3.0,Iron Fists and Kung-Fu Kicks
41,4709,3.4,The Originals
41,8206,2.3,The Beat
41,4391,2.0,Halkaa
41,4787,4.2,Joan Rivers: Don't Start with Me
42,5504,3.1,Kiss & Cry
42,5469,4.3,Rangoon
42,6951,1.0,Heavy Rescue: 401
42,6695,4.1,Encounters with Evil
42,8138,3.3,Sweeney Todd: The Demon Barber of Fleet Street
42,6479,4.1,Christmas in the Smokies
42,8376,4.3,The Kindness Diaries
42,2633,1.8,She Made Me a Criminal
42,4929,4.5,I Am not an Easy Man
42,8768,2.7,Y Tu Mamá También
42,1231,1.9,City of Ghosts
42,4983,1.8,Jag älskar dig: En skilsmässokomedi
42,5442,2.2,Headshot
42,7852,1.6,Rembat
42,4610,3.7,Udaan
42,3119,5.0,Twice Upon A Time
42,313,4.2,Autumn's Concerto
42,263,2.6,Mother Goose Club
42,4620,2.5,Lessons from a School Shooting: Notes from Dunblane
42,7061,2.2,In The Deep
43,2474,3.5,One Day We'll Talk About Today
43,892,3.8,Tottaa Pataaka Item Maal
43,3195,2.6,Jindua
43,7447,5.0,Merlí
43,3492,2.3,Oh! Baby (Malayalam)
43,2605,2.3,Ekşi Elmalar
43,7386,1.0,Maine Pyaar Kyun Kiya
43,4251,3.6,In Family We Trust
43,517,3.1,Good Morning Call
43,8062,2.0,Space Racers
43,3924,1.4,Francesco De Carlo: Cose di Questo Mondo
43,8617,4.0,Trash
43,4623,5.0,Skylanders Academy
43,3209,4.3,Crazy people
43,3917,2.9,Shabd
43,1647,4.4,Unexpectedly Yours
43,1743,3.7,MOTHER
43,3043,4.1,A Ghost Story
43,3603,2.7,Rocko's Modern Life: Static Cling
43,1273,3.0,"Blue, Painful, Fragile"
44,1113,2.8,2012
44,1412,3.3,Wish You
44,1919,3.3,The American Game
44,5250,5.0,What She Put on the Table
44,171,1.6,Same Kind of Different as Me
44,3868,3.5,Laatu
44,5447,2.0,Aashik Awara
44,3205,5.0,Guatemala: Heart of the Mayan World
44,741,3.9,Blind Intersections
44,1207,4.5,Audrey
44,4219,3.2,Back to the 90s
44,140,3.3,"El patrón, radiografía de un crimen"
44,3301,4.4,SCAMS
44,2188,4.3,Sugar High
44,3164,2.4,Nothing to Lose 2
44,4851,3.7,Steve Martin and Martin Short: An Evening You Will Forget for the Rest of Your Life
44,1051,3.8,Sonic X
44,5814,2.7,Real Crime: Supermarket Heist (Tesco Bomber)
44,6370,1.0,Bratz: The Movie
44,5678,1.8,Ricardo O'Farrill: Abrazo navideño
45,554,2.4,RattleSnake - The Ahanna Story
45,4719,1.9,7 Khoon Maaf
45,4681,2.0,Spyder
45,3935,2.9,Alien Warfare
45,6075,1.7,Aata Pita
45,462,4.3,This Changes Everything
45,240,1.1,The Witcher: Nightmare of the Wolf
45,2884,3.8,The Visit
45,7,1.5,Sankofa
45,6522,1.7,Company
45,2933,3.1,Polaroid
45,6501,2.4,Cloud Atlas
45,3973,2.1,Verses of Love
45,8588,3.2,Tientsin Mystic
45,6709,3.6,Eurovision Song Contest
45,6645,3.6,Dragonkala Ka Rahasya
45,5873,4.4,Ip Man
45,6116,3.4,All Dogs Go to Heaven
45,321,2.1,Two Fathers
45,4368,3.0,Mystery Science Theater 3000: The Return
46,6647,3.3,Dream Big: Engineering Our World
46,5993,1.6,17 Again
46,7431,1.3,Mean Streets
46,2287,3.4,Queen
46,7263,3.3,Lady-Like
46,3387,4.4,Master Z: The Ip Man Legacy
46,1024,2.3,Arlo the Alligator Boy
46,5472,3.8,Raees
46,2835,2.8,Miles Davis: Birth of the Cool
46,3304,3.8,Sam & Cat
46,8186,1.9,The Age of Shadows
46,129,3.8,An Unfinished Life
46,8528,3.4,The Thief and the Imbecile
46,4458,1.9,Settai
46,6244,4.1,Barely Lethal
46,4866,3.5,Carlos Ballarta: Furia Ñera
46,5220,4.0,Singapore
46,5261,3.4,Def Comedy Jam 25
46,5413,3.7,Gypsy
46,4672,4.1,Cathedral of the Sea
47,4405,3.9,Super Drags
47,8253,4.5,The Confirmation
47,4489,4.5,Best.Worst.Weekend.Ever.
47,1180,4.4,Alien TV
47,4745,3.6,Da Kath & Kim Code
47,2313,2.3,Say I Do
47,4725,5.0,Haider
47,4908,4.7,Goodnight DJ 1
47,4400,2.3,Age of Tanks
47,1552,1.7,Tiny Pretty Things
47,2557,2.3,Scissor Seven
47,8303,1.8,The Five Venoms
47,2661,3.0,Cooked with Cannabis
47,7373,1.0,Maddman: The Steve Madden Story
47,5857,3.4,Kung Fu Panda: Secrets of the Scroll
47,5796,4.0,Sample This
47,1184,4.3,The Yin Yang Master
47,6936,1.3,Haseena Maan Jaayegi
47,6966,1.1,Hide & Seek
47,2459,3.0,Space Force
48,8102,2.4,Strawberry Shortcake: Berry Bitty Adventures
48,5481,3.0,Chamatkar
48,651,2.2,Osuofia in London
48,5693,3.1,For the Love of Spock
48,2399,1.0,ONE PIECE
48,3917,3.3,Shabd
48,1202,4.6,C/O Kaadhal
48,1965,3.3,High & Low The Movie 2 / End of Sky
48,5048,3.9,Coach Snoop
48,1194,4.6,Catch.er
48,2678,4.1,Jem and the Holograms
48,6471,1.3,Chingo Bling: They Can't Deport Us All
48,7428,3.3,Maza Pati Karodpati
48,3915,1.9,Mumbai Matinee
48,1691,3.6,A Very Country Christmas
48,5724,3.4,"Dana Carvey: Straight White Male, 60"
48,2342,3.5,Bulbbul
48,2094,3.1,Lingua Franca
48,2336,4.6,Thackeray (Hindi)
48,2901,2.9,Untamed Romania
49,7015,1.5,How to Be a Player
49,4883,3.0,Si saben cómo me pongo ¿pá qué me invitan?
49,1747,4.3,Prospect
49,2567,5.0,Death Can Wait
49,7963,1.1,Seal Team Six: The Raid on Osama Bin Laden
49,5451,2.1,Jackie: A Tale of Two Sisters
49,4195,3.4,The Doll 2
49,8425,5.0,The Model
49,1059,4.6,House of Cards
49,226,3.7,Post Mortem: No One Dies in Skarnes
49,5390,1.8,Against the Tide
49,6914,3.6,Hamza's Suitcase
49,8579,2.3,Thong Dee Fun Khao
49,4936,3.4,Orbiter 9
49,1408,4.6,The Magicians
49,4622,2.6,Reboot: The Guardian Code
49,615,1.2,Why Do Fools Fall in Love
49,4001,2.1,Green Door
49,3621,1.2,Screwball
49,8385,3.4,The Last Face
50,6034,5.0,A Family Man
50,6735,3.9,Fallen
50,7280,3.3,Lechmi
50,7142,4.8,Juana Brava
50,2532,3.9,Dilan 1991
50,3575,4.1,45 rpm
50,3964,4.3,Osmosis
50,8346,1.1,The Holy Man
50,963,3.1,The Unremarkable Juanquini
50,4451,4.1,Mumbai Meri Jaan
50,2640,2.2,After Life
50,8438,3.7,The New Romantic
50,4062,2.5,The Boy Who Harnessed the Wind
50,5077,2.3,Godzilla
50,6900,5.0,Gun Runners
50,5456,2.8,Michael Lost and Found
50,4782,1.7,The Legacy of a Whitetail Deer Hunter
50,1668,3.3,Heart & Soul
50,4595,1.6,Needhi Singh
50,6206,4.3,Bachelor Girls
51,7559,4.9,Naruto Shippuden : Blood Prison
51,5397,5.0,Learning Songs by Little Baby Bum: Nursery Rhyme Friends
51,1967,3.2,High & Low The Red Rain
51,4815,2.7,Borges
51,1816,3.5,Tremors: Shrieker Island
51,4404,2.3,Outlaw King
51,5711,4.5,Carlos Ballarta: El amor es de putos
51,2646,4.9,My Stupid Boss
51,5735,3.4,Spanish Affair 2
51,6462,2.1,Chhota Bheem Ka Romani Adventure
51,2158,1.8,Word Party Songs
51,2832,3.1,All About Love
51,691,3.7,So Not Worth It
51,4137,3.4,Free Rein: Valentine's Day
51,7756,3.4,Portlandia
51,6369,4.0,Brampton's Own
51,2463,1.9,Grandmother's Farm
51,8588,3.4,Tientsin Mystic
51,6270,2.7,Becoming Jane
51,6248,2.1,Basic Instinct
52,7788,3.5,Power Rangers: Megaforce: The Robo Knight Before Christmas
52,5166,2.9,Luna Petunia
52,4506,1.5,Meghnadbodh Rohoshyo
52,3909,4.2,Super Monsters Furever Friends
52,5064,5.0,Acts of Vengeance
52,4366,4.8,Fugitiva
52,7266,5.0,Land Girls
52,6531,2.6,Convict
52,2352,5.0,Babies
52,1132,4.1,Seven Souls in the Skull Castle: Season Wind
52,4223,1.7,Pokémon the Movie: I Choose You!
52,3470,3.3,Miniforce X
52,3870,2.2,Code Geass: Lelouch of the Rebellion
52,4881,1.1,Manhunt
52,1556,3.4,A Trash Truck Christmas
52,8752,5.0,Wish Man
52,8419,1.9,"The Memphis Belle: A Story of a
Flying Fortress"
52,2874,4.0,Altered Carbon
52,5290,2.4,Aakhri Adaalat
52,698,5.0,Fan Girl
53,7888,4.9,Romeo Ranjha
53,848,4.5,Master of None
53,5125,4.2,Wormwood
53,7341,2.6,Losing Sight of Shore
53,1740,1.9,Love & Anarchy
53,4176,3.0,FYRE: The Greatest Party That Never Happened
53,4867,3.8,Evil Genius
53,2775,3.4,Happy Old Year
53,1770,3.5,Wheels of Fortune
53,6493,3.7,Class of '61
53,1419,1.8,Last Tango in Halifax
53,8460,3.2,The Player
53,2963,2.5,Misfit 2
53,6269,4.4,Because We're Heading Out
53,8279,1.1,The Diabolical
53,2206,3.0,Project Marathwada
53,1599,1.2,Break
53,1951,4.2,A Perfect Crime
53,5026,4.8,Best Lover
53,7230,3.1,Krish Trish and Baltiboy: Face Your Fears
54,3364,5.0,The Road to El Camino: Behind the Scenes of El Camino: A Breaking Bad Movie
54,782,3.1,Bliss
54,592,5.0,She's Out of My League
54,3409,3.2,The Laundromat
54,3493,3.0,Oh! Baby (Tamil)
54,8373,4.4,The Jungle Book
54,8775,2.3,Yeh Meri Family
54,2755,2.5,Indian Horse
54,7809,2.1,Quantum of Solace
54,6195,1.7,Attacking the Devil: Harold Evans and the Last Nazi War Crime
54,3996,1.9,February 9
54,4823,3.9,Hannah Gadsby: Nanette
54,3112,1.0,Being Mrs Elliot
54,7639,3.7,Ocean's Twelve
54,1403,3.7,Double Dad
54,2710,3.8,Legacies
54,581,2.0,Mortal Kombat
54,3701,4.7,Super Deluxe
54,1681,4.9,The Princess Switch: Switched Again
54,7179,1.8,Kevin Hart: Let Me Explain
55,358,3.8,The Net
55,5116,3.3,Jeremiah Tower: The Last Magnificent
55,4561,4.8,Delhi 6
55,4319,2.9,Mowgli: Legend of the Jungle
55,4298,5.0,Once in a Lifetime Sessions with George Ezra
55,91,3.4,The Women and the Murderer
55,8200,3.2,The Bachelors
55,1169,2.5,Pui Pui Molcar
55,7210,3.3,Kingpin
55,4553,1.0,Monty Python's Personal Best
55,5958,1.4,9
55,3920,1.9,Crazy Ex-Girlfriend
55,4286,3.0,Prince of Peoria: A Christmas Moose Miracle
55,6442,4.0,Chandani: The Daughter of the Elephant Whisperer
55,7663,3.4,One Last Thing
55,3375,4.6,Monzón: A Knockout Blow
55,7408,3.8,Married at First Sight
55,1811,3.4,"Yes, God, Yes"
55,1292,3.0,Perú: Tesoro escondido
55,3729,2.2,Rakkhosh
56,5019,3.4,Trailer Park Boys: Xmas Special
56,5535,3.9,Kevin Hart: What Now?
56,8382,3.1,The Land of the Enlightened
56,2125,3.7,Takki
56,6678,4.2,El Vato
56,4007,3.3,Jeff Dunham: Arguing with Myself
56,7355,3.6,LoveTrue
56,8435,2.7,The Natural
56,3517,4.2,The Crystal Calls Making the Dark Crystal: Age of Resistance
56,4237,1.8,Sam Kinison: Breaking the Rules
56,2280,3.2,Mumbai Delhi Mumbai
56,793,5.0,Fools Rush In
56,2277,2.2,Madras Café
56,817,2.7,The Meddler
56,6832,1.2,Gemini
56,2631,3.2,My Secret Romance
56,214,4.2,SAS: Rise of the Black Swan
56,3717,3.2,Triple Threat
56,7661,4.4,One Direction: This Is Us
56,654,2.9,#Selfie
57,1649,3.1,Great Pretender
57,4576,2.5,Khido Khundi
57,1770,2.7,Wheels of Fortune
57,123,2.6,Luv Kushh
57,731,4.5,Love (ft. Marriage and Divorce)
57,7924,3.1,Salem: His Sister's Father
57,3343,3.0,Santa Girl
57,6867,5.0,Goldie
57,5850,5.0,Patton Oswalt: Talking for Clapping
57,5033,3.1,FullMetal Alchemist
57,3118,1.6,After the Raid
57,7842,3.6,Rectify
57,7635,2.8,Océans
57,6279,3.5,Being Mary Jane: The Series
57,8490,3.4,The Road to Calvary
57,6266,4.3,Beavis and Butt-head Do America
57,4220,4.2,COMEDIANS of the world
57,2382,4.3,The Darkness
57,1109,3.7,Just Say Yes
57,2502,3.4,Escaping Tel Aviv
58,828,4.7,Collateral Beauty
58,2780,3.4,Curtiz
58,3877,3.4,Anthony Jeselnik: Fire in the Maternity Ward
58,3697,5.0,War Against Women
58,8329,1.9,The Gospel of Matthew
58,8194,2.3,The Apostate
58,8617,2.7,Trash
58,2996,1.5,Alex Fernández: The Best Comedian in the World
58,4198,4.0,All of You
58,2715,3.9,Agneepath
58,4746,3.8,Kath & Kimderella
58,3125,3.7,The Danish Girl
58,7464,5.0,Miss Hokusai
58,1844,5.0,A Babysitter's Guide to Monster Hunting
58,5621,4.9,Zapped
58,7364,3.0,Maacher Jhol
58,2334,4.3,Seven (Tamil)
58,3474,3.3,The Liar and His Lover
58,8373,5.0,The Jungle Book
58,5577,3.1,100 Meters
59,7439,2.6,Melvin Goes to Dinner
59,336,3.3,Friday Night Lights
59,2891,4.7,Gentefied
59,516,4.3,Girl from Nowhere
59,8609,5.0,Towies
59,4510,3.1,Apostle
59,2296,4.0,I Am Not Your Negro
59,3993,1.9,The Unmarried Wife
59,7446,5.0,Mere Papa Hero Hiralal
59,8667,4.9,USS Indianapolis: Men of Courage
59,1338,1.8,Hache
59,7385,2.6,Mahmut & Meryem
59,832,2.7,Word of Honor
59,5990,1.0,14 Blades
59,2670,3.1,Hasmukh
59,5207,2.6,1922
59,8749,4.2,Winter Sun
59,5309,1.7,Sohni Mahiwal
59,1642,2.9,The Beast
59,5218,2.8,Belief: The Possession of Janet Moses
60,715,4.7,Elite Short Stories: Nadia Guzmán
60,85,2.6,Pokémon Master Journeys: The Series
60,120,4.0,Heroes of Goo Jit Zu
60,464,2.3,Gunpowder Milkshake
60,6856,1.5,GLOW: The Story of the Gorgeous Ladies of Wrestling
60,8733,3.1,White Island
60,2810,3.7,Bypass Road
60,8180,1.0,The Adjusters
60,6680,2.4,Elephants Dream 4 Hour
60,6003,4.0,24 Hours to Live
60,1260,1.8,Crazy About Her
60,396,5.0,Blood Red Sky
60,6429,3.3,Casino Tycoon 2
60,1954,4.7,Sneakerheads
60,5737,2.3,I Am the Pretty Thing That Lives in the House
60,4234,4.0,Gina Yashere: Laughing to America
60,8033,3.2,Sky on Fire
60,1432,5.0,The Idhun Chronicles
60,6818,2.1,G-Force
60,4065,5.0,The Spiderwick Chronicles
61,3,3.3,Jailbirds New Orleans
61,1946,4.0,Welcome
61,5452,3.8,Lens
61,6592,1.5,Den of Thieves
61,4887,5.0,Coffee for All
61,7892,3.9,Roonpi Secret Love
61,83,5.0,Metal Shop Masters
61,2377,5.0,The Nut Job
61,2620,3.0,Neseli Hayat
61,8223,4.9,The Brave One
61,1733,4.3,Carmel: Who Killed Maria Marta?
61,4794,2.1,Duck Butter
61,8335,1.0,The Green Hornet
61,6984,3.1,Holidays
61,4760,4.4,Duck Duck Goose
61,4199,4.4,Back with the Ex
61,4571,2.6,Jagga Jasoos
61,68,3.5,Schumacher
61,2717,2.2,Chhota Bheem and the Curse of Damyaan
61,450,4.0,The Twilight Saga: New Moon
62,4035,1.0,The Confrontation
62,846,3.7,Home
62,6737,3.3,Famous in Ahmedabad
62,6113,2.7,Aliens Ate My Homework
62,1982,2.1,Anaamika
62,5439,3.6,My Only Love Song
62,8017,2.8,Silencer
62,4410,2.5,Damnation
62,8073,1.9,Sprinter
62,547,2.0,We the People
62,6140,4.7,American Experience: The Island Murder
62,3878,2.7,Hong Kong West Side Stories
62,1874,3.2,Bigflo & Oli: Hip Hop Frenzy
62,2000,4.8,Michael McIntyre: Showman
62,3430,5.0,Insatiable
62,4675,2.1,The Laws of Thermodynamics
62,6252,4.0,Battle Creek
62,1081,3.1,"Nicky, Ricky, Dicky & Dawn"
62,6665,1.8,Eddie Murphy: Delirious
62,3331,4.0,Christmas in the Heartland
63,6180,3.0,Apollo 18
63,6827,4.8,Gargantia on the Verdurous Planet
63,2751,5.0,Akbar Birbal
63,8684,2.5,Vroomiz
63,1954,2.9,Sneakerheads
63,3466,2.4,Girls Hostel
63,5870,3.6,Masha's Tales
63,439,3.0,Deep
63,7973,4.7,Secrets of Her Majesty's Secret Service
63,3475,1.5,The Rugrats Movie
63,1963,3.9,DTC Yukemuri Junjo Hen From High & Low
63,3142,4.2,Lakshya
63,319,1.5,The Prince Who Turns into a Frog
63,8270,3.3,The Dawn Wall
63,2858,5.0,Calico Critters: Everyone's Big Dream Flying in the Sky
63,1868,2.6,Deaf U
63,550,3.2,Fear Street Part 1: 1994
63,1888,4.4,Good Game: The Beginning
63,5995,1.6,1st Summoning
63,1137,3.4,The Knight and the Princess
64,2647,3.3,My Stupid Boss 2
64,1878,4.0,The 100
64,1980,2.7,The Blacklist
64,150,1.7,In Too Deep
64,4072,1.3,Evening Shadows
64,5485,4.2,Ram Jaane
64,5558,2.8,Bottersnikes & Gumbles
64,4046,2.4,Everyday I Love You
64,2573,5.0,The Stand at Paxton County
64,1966,4.1,High & Low The Movie 3 / Final Mission
64,0,4.1,Dick Johnson Is Dead
64,4080,2.9,Zach Galifianakis: Live at the Purple Onion
64,7250,1.7,La Última Fiesta
64,8448,5.0,The Peacemaker
64,7123,1.4,Jeopardy!
64,8632,3.0,Trophy
64,734,2.7,Lupin
64,346,1.4,Pineapple Express
64,5899,3.4,Demetri Martin: Live (At the Time)
64,3352,2.5,We Are the Wave
65,779,3.0,Battlefield Earth
65,1936,2.4,Welcome to Sudden Death
65,3694,3.2,Molang
65,722,4.8,Sir! No Sir!
65,5778,3.2,Umrika
65,3234,3.1,What the F* Is Going On?
65,893,2.6,Wave of Cinema: Filosofi Kopi
65,3873,4.6,Munafik 2
65,3132,2.7,Dil Dhadakne Do
65,8590,3.3,Tikli and Laxmi Bomb
65,6673,1.7,El Cartel 2
65,153,3.9,Kid-E-Cats
65,6444,2.9,Chaotic Love Poems
65,7056,3.7,Iliza Shlesinger: War Paint
65,8733,1.8,White Island
65,1298,1.6,Sisyphus
65,78,3.8,Tughlaq Durbar
65,7131,2.0,JingleKids
65,6897,4.9,Green White Green (And All the Beautiful Colours in My Mosaic of Madness)
65,3504,4.3,Fastest Car
66,7856,3.9,Republic of Doyle
66,7216,4.3,KL Zombi
66,5639,5.0,Jim Gaffigan: Cinco
66,4584,3.0,Manje Bistre
66,2357,2.1,Floor Is Lava
66,6760,4.3,FirstBorn
66,3888,3.8,Loving is Losing
66,5073,5.0,The Open House
66,5381,4.2,Degrassi: Next Class
66,7359,4.8,Lucky Days
66,2419,1.0,Big Stone Gap
66,7544,1.0,"My Schoolmate, the Barbarian"
66,6743,3.6,Fear and Loathing in Las Vegas
66,7490,4.0,"Monster High: Boo York, Boo York"
66,8374,2.5,The Jungle School
66,8308,3.9,The Force
66,3682,2.4,The Legend of White Snake
66,8663,1.7,Unruly Friends
66,5789,3.6,"Rafał Banaś, Michał Leja Laugh out Loud"
66,3212,3.7,La Reina del Sur
67,4018,3.8,Barcelona: A Love Untold
67,8103,2.9,Strictly Ballroom
67,610,3.3,Underworld
67,7781,1.8,Power Rangers Super Samurai: Trickster Treat
67,7896,2.1,Royal Pains
67,2788,4.7,Dino Girl Gauko
67,8659,2.9,Undercover Grandpa
67,734,3.7,Lupin
67,3232,3.4,Zona Rosa
67,7004,2.8,Hot Property
67,1004,4.9,Izzy's Koala World
67,7144,2.9,Judwaa
67,2679,4.0,Maurício Meirelles: Generating Chaos
67,3342,2.7,Queer Eye: We're in Japan!
67,4859,2.6,Food on the Go
67,4044,4.6,A Korean Odyssey
67,1587,1.5,Detention
67,1902,5.0,All Because of You
67,5598,3.1,Love for Ten: Generation of Youth
67,5406,4.0,Unriddle
68,7241,3.6,Kung Fu Panda: Holiday
68,7966,3.8,Season of the Witch
68,621,3.5,Legend of Exorcism
68,8732,2.4,White Chamber
68,5131,1.5,Shikari
68,7744,2.7,Pitaah
68,6985,4.1,Holy Hell
68,7394,1.3,Mandobasar Galpo
68,1572,4.4,The Big Show Show
68,195,2.9,EMI: Liya Hai To Chukana Padega
68,6231,3.2,Barça Dreams
68,5432,4.7,"Oh, Hello On Broadway"
68,4921,3.0,Kodachrome
68,358,2.4,The Net
68,7732,3.4,Peter Rabbit
68,6733,2.4,Fakta Ladh Mhana
68,8533,3.5,The Traffickers
68,1604,3.1,Ari Eldjárn: Pardon My Icelandic
68,1811,5.0,"Yes, God, Yes"
68,408,2.8,Chhota Bheem & Krishna: Mayanagari
69,6767,2.3,Flash of Genius
69,7537,2.8,My Honor Was Loyalty
69,3633,3.7,The Letdown
69,8488,1.4,The River Thief
69,3137,1.4,Girls und Panzer
69,3130,2.9,"Crazy, Lovely, Cool"
69,5869,5.0,Turbo FAST
69,1270,2.8,Sin senos sí hay paraíso
69,3143,2.6,Luck by Chance
69,5663,1.9,Sister Cities
69,6665,3.7,Eddie Murphy: Delirious
69,4446,2.6,Kalakalappu
69,2979,3.8,THE STRANGER
69,1175,4.1,Philomena
69,5637,2.2,Clinical
69,1494,3.3,We Can Be Heroes
69,1458,3.7,London Heist
69,7200,1.0,Kill Hitler! The Luck of the Devil
69,8601,4.8,Tokyo Idols
69,7172,3.4,Katt Williams: Live
70,4228,4.4,Whitney Cummings: Money Shot
70,5001,2.1,Malena Pichot: Estupidez compleja
70,8527,2.1,The Texas Chainsaw Massacre
70,6805,2.4,Friend Request
70,3703,3.8,El testigo
70,6376,1.9,Brick
70,4321,1.7,Pine Gap
70,8555,3.2,The Wedding Curse
70,5665,3.8,Color of Woman
70,4808,2.6,Jani Dueñas: Grandes fracasos de ayer y hoy
70,6971,3.7,Hinterland
70,1941,2.6,Ishq Vishk
70,1687,1.6,The Boss Baby: Back in Business
70,1747,2.3,Prospect
70,5771,1.8,Murphy's Law of Love
70,2487,3.8,No Longer kids
70,3151,2.1,A Trip to Jamaica
70,6115,2.3,All About Nina
70,6970,2.7,Highway to Heaven
70,4924,5.0,Charité
71,764,2.9,Trippin' with the Kandasamys
71,3436,3.1,GEN HOSHINO STADIUM TOUR “POP VIRUS”
71,627,2.3,The Daily Life of the Immortal King
71,6743,1.7,Fear and Loathing in Las Vegas
71,7437,1.8,Melle
71,5627,3.9,Cristela Alonzo: Lower Classy
71,2271,3.5,Dharam Sankat Mein
71,3920,5.0,Crazy Ex-Girlfriend
71,6364,2.8,Botched Up Bodies
71,820,3.0,The Platform
71,3094,2.1,The App
71,6949,2.2,Heartbreakers
71,7813,4.0,Queens vs. Kings
71,1847,4.8,Fireman Sam
71,7730,3.8,Personal Shopper
71,6283,5.0,Benji: Off the Leash
71,5916,3.7,My Own Man
71,7374,2.4,Madre
71,580,4.5,Mobile Suit Gundam Hathaway
71,3292,4.1,To Be of Service
72,760,5.0,Fireplace 4K: Crackling Birchwood from Fireplace for Your Home
72,3285,2.0,Fadily Camara : La plus drôle de tes copines
72,1474,3.4,Tarung Sarung
72,5805,4.0,The Fierce Wife
72,1205,3.0,The Lost Pirate Kingdom
72,8503,4.1,The Seventies
72,7786,2.8,Power Rangers: Megaforce
72,6235,3.1,Barbie in A Mermaid Tale
72,5154,3.7,The Many Faces of Ito
72,159,3.1,Love in a Puff
72,3457,4.0,Seis Manos
72,4728,4.8,Joker
72,2241,3.7,The Business of Drugs
72,3183,1.1,The Last O.G.
72,211,1.6,Ragini MMS 2
72,3535,1.9,American Factory: A Conversation with the Obamas
72,7304,3.5,Like Arrows
72,8620,2.5,Tree Man
72,3017,5.0,Jezebel
72,5745,3.0,Joe Rogan: Triggered
73,4170,3.3,Polar
73,5927,4.2,Wyatt Cenac: Brooklyn
73,4906,1.9,Bobby Kennedy for President
73,4709,1.8,The Originals
73,7660,3.8,One Day
73,4047,1.6,No Other Woman
73,1555,4.8,Grizzy et les Lemmings
73,7539,2.8,My Life as a Zucchini
73,3022,4.3,Bulbul Can Sing
73,2514,2.9,The Big Flower Fight
73,6130,3.2,Amar Akbar Anthony
73,7209,3.5,Kingdoms of the Sky
73,8440,3.6,The NSU-Complex
73,5463,4.4,Smoke & Mirrors
73,7318,2.7,Little Singham Bandarpur Mein Hu Ha Hu
73,3331,3.4,Christmas in the Heartland
73,2839,3.3,93 Days
73,832,3.5,Word of Honor
73,5872,2.5,Ricardo O'Farrill Abrazo Genial
73,6791,3.9,Four Seasons in Havana
74,3500,1.3,Between Two Ferns: The Movie
74,6457,3.5,Chef & My Fridge
74,8147,1.4,Taken
74,7580,2.4,Newtown
74,7100,3.7,Islands of the Future
74,8569,1.9,The Young Vagabond
74,8766,3.1,XXx
74,914,4.2,Unrest
74,6079,4.8,Abnormal Summit
74,3326,3.9,A Remarkable Tale
74,2085,1.5,I AM A KILLER: RELEASED
74,2524,3.8,Magic for Humans
74,7282,1.0,Legend of the Guardians: The Owls of Ga'Hoole
74,1263,3.9,No Escape
74,3223,3.1,Defiance
74,159,4.1,Love in a Puff
74,2802,4.6,Caliphate
74,703,4.0,The Gift
74,828,1.6,Collateral Beauty
74,8477,4.0,The Real Miyagi
75,8322,1.9,The Golem
75,7376,3.2,Magi: Adventure of Sinbad
75,2615,2.7,Cinar Agaci
75,5135,2.0,Jab Harry Met Sejal
75,6471,1.7,Chingo Bling: They Can't Deport Us All
75,6564,3.3,Dark Chocolate (Bengali Version)
75,309,2.2,Car Masters: Rust to Riches
75,4376,4.8,The Final Table
75,4377,2.2,Trevor Noah: Son of Patricia
75,6231,1.0,Barça Dreams
75,453,3.4,BEASTARS
75,1042,3.5,Garth Brooks: The Road I’m On
75,6398,3.5,Cabins in the Wild with Dick Strawbridge
75,6616,4.3,Dismissed
75,2640,4.9,After Life
75,5522,3.4,Sand Castle
75,7945,4.6,Saturday Church
75,1269,4.0,Geez & Ann
75,4950,3.1,John Mulaney: New in Town
75,6968,3.3,Highly Strung
76,571,3.7,Generation 56k
76,7846,2.2,Red Trees
76,7978,2.5,Secrets of Underground London
76,3981,4.4,Delhi Crime
76,4835,2.6,Franco Escamilla: Por la anécdota
76,196,2.7,He's All That
76,8163,3.4,Temporada de Caza
76,1266,3.0,Tony Manero
76,1489,1.0,Regiment Diaries
76,4425,1.9,Asees
76,2383,4.7,The Chase
76,6722,4.5,Exit Wounds
76,7126,1.7,Jersey Boys
76,7517,2.1,Mr. Deeds
76,924,3.7,Aliens Stole My Body
76,5348,2.9,Close Your Eyes Before It’s Dark
76,2346,5.0,"Roswell, New Mexico"
76,1909,5.0,Free State of Jones
76,823,3.2,Then Came You
76,3645,3.2,D.L. Hughley: Contrarian
77,7280,5.0,Lechmi
77,7055,4.7,Igor
77,5777,4.4,Someone Like You
77,3423,3.3,Black Money Love
77,7660,3.7,One Day
77,393,2.8,A Second Chance:  Rivals!
77,5963,3.7,Oct-01
77,7293,4.8,"Les Bleus - Une autre histoire de France, 1996-2016"
77,4758,1.5,Amazing Interiors
77,499,4.3,Dogs
77,6135,3.9,American Beauty
77,3330,3.5,Billy on the Street
77,82,3.7,Lucifer
77,6038,4.4,A Gray State
77,6602,3.4,Devrai
77,4115,1.4,"Ken Jeong: You Complete Me, Ho"
77,6072,1.4,Aajcha Divas Majha
77,5369,2.4,Joe Mande’s Award-Winning Comedy Special
77,7431,1.0,Mean Streets
77,835,3.5,Eden
78,4456,2.8,Raja Natwarlal
78,8724,5.0,What Still Remains
78,564,2.8,Boogie Nights
78,1869,4.0,Ginny Weds Sunny
78,2485,3.9,Mujeres arriba
78,5809,2.0,XOXO
78,4604,2.5,Strong
78,3265,4.1,El sendero de la anaconda
78,5761,5.0,LEGO Jurassic World: The Indominus Escape
78,1877,5.0,Private Lives
78,4489,3.5,Best.Worst.Weekend.Ever.
78,5448,5.0,Amelia: A Tale of Two Sisters
78,1810,5.0,The Hummingbird Project
78,8342,2.0,The Heretics
78,2940,2.5,Jada
78,5201,3.1,Joan Didion: The Center Will Not Hold
78,2352,4.0,Babies
78,6542,1.8,Crime Time
78,4408,3.2,Westside
78,264,2.8,Walk of Shame
79,8432,2.9,The Music of Silence
79,311,3.4,Control Z
79,339,2.9,I missed you: Director's Cut
79,5503,4.0,JFK: The Making of a President
79,2577,3.1,Cracked Up: The Darrell Hammond Story
79,7131,4.3,JingleKids
79,8328,3.2,The Gospel of Mark
79,958,2.3,Seven
79,6049,5.0,A Night at the Roxbury
79,1585,5.0,Manhunt: Deadly Games
79,3963,2.6,Bayonet
79,619,3.8,Deranged
79,744,3.8,Locombianos
79,334,2.2,Five Feet Apart
79,7940,2.9,Sat Sri Akal
79,5020,3.5,Tu Hai Mera Sunday
79,4282,2.9,Miss J Contemplates Her Choice
79,5589,1.0,Operações Especiais
79,5525,2.4,Lucas Brothers: On Drugs
79,6463,3.7,Chhota Bheem Ka Troll Se Takkar
80,6759,2.8,First Kill
80,5239,3.7,Franca: Chaos and Creation
80,2876,2.4,Pokémon: Mewtwo Strikes Back - Evolution
80,1731,3.3,A New York Christmas Wedding
80,2113,3.9,High Score
80,2014,2.9,Wonho Chung: Live in New York
80,4442,1.0,Himmatwala
80,8285,3.3,The Dukes of Hazzard: The Beginning
80,7532,2.4,My Brother ... Nikhil
80,4134,2.0,Manusangada
80,5553,4.5,Bridget Christie: Stand Up for Her
80,2323,4.3,The Mirror Boy
80,7161,4.1,Kaaliyan
80,6436,3.4,Celluloid Man
80,4930,3.2,The Magic School Bus Rides Again
80,7026,3.0,Hunt to Kill
80,1128,3.1,S.W.A.T.: Under Siege
80,2295,3.0,Hunter in the Blue Side of Manchester
80,7983,4.8,"Septiembre, un llanto en silencio"
80,2477,3.0,Living in Bondage: Breaking Free
81,7738,3.5,Phone Swap
81,4303,1.0,Vanjagar Ulagam
81,4739,3.5,Being Napoleon
81,5903,2.5,Creep
81,4349,1.1,Set Off
81,5716,3.8,Paranoid
81,5013,4.9,Something Huge
81,3464,4.0,Engineering Girls
81,884,4.9,Move to Heaven
81,5637,4.4,Clinical
81,5303,2.7,Manoranjan
81,4099,3.8,Behind the Curve
81,714,3.9,Beyond Evil
81,6934,4.1,Harry Benson: Shoot First
81,5609,3.5,Cyborg 009: Call of Justice
81,8070,3.4,Splash and Bubbles
81,6364,3.5,Botched Up Bodies
81,2375,1.7,The Blazing Sun
81,5412,3.4,Criminal Minds
81,5988,1.9,13 Sins
82,3918,5.0,Shortcut Safari
82,8146,3.5,Take Me Home Tonight
82,2960,3.9,Justice
82,3322,4.6,"Liar, Liar, Vampire"
82,7133,3.0,Jis Desh Men Ganga Behti Hai
82,6937,4.1,Hati Perempuan
82,2042,3.8,Cleverman
82,4840,3.8,Bad Genius
82,6532,2.5,Cooking on High
82,3980,2.0,Crime Diaries: The Candidate
82,7211,1.0,Kings
82,5069,1.7,The Shannara Chronicles
82,974,3.5,Ram Prasad Ki Tehrvi
82,6104,2.2,Ai Weiwei: Never Sorry
82,6828,1.2,Garuda Di Dadaku
82,4606,5.0,The Birth Reborn
82,5486,2.9,The Devil's Mistress
82,496,4.8,Brick Mansions
82,4777,2.3,Baby Ballroom
82,8723,4.6,What Makes a Psychopath?
83,7072,4.4,Indiana Jones and the Raiders of the Lost Ark
83,431,1.4,Too Hot to Handle: Brazil
83,2276,1.0,Inkaar
83,6666,4.9,Eeda
83,8025,4.7,Singularity
83,5928,3.7,Chelsea Handler: Uganda Be Kidding Me Live
83,3661,4.2,Bogda
83,4121,3.4,Kevin Hart's Guide to Black History
83,609,2.4,The Tourist
83,6548,3.3,Dad
83,2867,4.0,All The Bright Places
83,1589,2.4,Bhaag Beanie Bhaag
83,6097,4.1,Afterschool
83,5019,4.8,Trailer Park Boys: Xmas Special
83,8215,4.2,The Bomb
83,1879,3.0,Hubie Halloween
83,2198,1.6,The Hater
83,4197,2.7,Baazaar
83,1283,4.4,The Conjuring
83,3467,3.9,Inmates
84,1107,2.5,God Calling
84,1922,2.0,The Parkers
84,2821,4.3,Kingdom
84,5644,3.5,Rampage: President Down
84,6810,2.0,Frozen Planet
84,8217,2.8,The Book of Eli
84,1847,3.8,Fireman Sam
84,4446,2.3,Kalakalappu
84,57,2.6,Naruto Shippûden the Movie: Bonds
84,7247,4.5,Kya Kehna
84,3981,4.2,Delhi Crime
84,2515,4.7,Patriot Act with Hasan Minhaj
84,4666,3.0,Garbage
84,6261,5.0,Beary Tales
84,1679,5.0,Singham
84,4123,4.5,ReMastered: The Two Killings of Sam Cooke
84,6256,1.8,Be Here Now
84,6984,2.9,Holidays
84,1991,1.0,Criminal: UK
84,2531,3.7,Dilan 1990
85,4946,2.4,Star Trek: The Next Generation
85,6749,3.4,Figures of Speech
85,2002,4.8,Taco Chronicles
85,6297,1.6,Bheemayan
85,335,1.1,Freedomland
85,7367,2.8,Mad Max
85,2019,1.7,Cycle
85,6098,1.6,Aftershock
85,1274,3.2,Canine Intervention
85,5087,4.7,Alejandro Riaño: Especial de stand up
85,8132,5.0,Surviving R. Kelly Part II: The Reckoning
85,8043,3.4,Smart People
85,186,3.6,Hometown Cha-Cha-Cha
85,6761,2.8,Fishpeople
85,1920,3.7,The Book of Sun
85,8691,5.0,Wakefield
85,5210,2.1,The Day I Met El Chapo
85,3755,2.3,Jinn
85,3109,3.5,Back of the Net
85,4430,5.0,Creators
86,650,3.9,O Vendedor de Sonhos
86,1345,2.9,The Yin-Yang Master: Dream Of Eternity
86,7048,4.4,I'll See You in My Dreams
86,2861,3.6,Ordinary World
86,1409,5.0,The Vanished
86,2888,1.0,"Hi Bye, Mama!"
86,752,2.8,Vampire Academy
86,2360,3.1,One-Way to Tomorrow
86,4826,3.0,Maktub
86,7238,3.2,Kuldip Patwal: I Didn't Do It!
86,48,1.3,Training Day
86,8656,2.5,Unacknowledged
86,5054,2.8,Under Arrest
86,7037,4.3,I Am Jane Doe
86,8041,2.9,Slow West
86,907,3.1,In Our Mothers' Gardens
86,240,3.8,The Witcher: Nightmare of the Wolf
86,2435,2.5,Life's Speed Bump
86,7177,3.3,Ken Burns: The West
86,6115,2.7,All About Nina
87,4246,4.5,Tim Minchin And The Heritage Orchestra Live
87,5686,1.8,The Cuba Libre Story
87,6751,1.9,Filmworker
87,8672,2.8,Veerey Ki Wedding
87,3314,3.3,100 Things to do Before High School
87,1328,2.4,Crime Scene: The Vanishing at the Cecil Hotel
87,47,3.8,The Smart Money Woman
87,606,5.0,The Queen
87,5461,1.0,Prince
87,5345,4.3,Wet Hot American Summer: Ten Years Later
87,8646,4.4,Twirlywoos
87,4058,4.7,Pants on Fire
87,6559,4.8,Dandy
87,2874,4.7,Altered Carbon
87,8425,3.7,The Model
87,5245,3.9,Star Trek: Voyager
87,8259,4.8,The Crow
87,4550,5.0,Monty Python's Fliegender Zirkus
87,5898,2.5,6 Years
87,1759,1.0,LEGO Ninjago: Masters of Spinjitzu
88,8430,3.9,The Muppets
88,3365,3.8,A 3 Minute Hug
88,3925,3.1,Huge in France
88,7362,3.5,Lusers
88,4270,2.4,LAST HOPE
88,2129,3.4,Fearless
88,5522,5.0,Sand Castle
88,4714,4.3,Brij Mohan Amar Rahe
88,3125,4.4,The Danish Girl
88,4082,5.0,The Photographer Of Mauthausen
88,4689,3.4,The Innocents
88,6984,3.1,Holidays
88,2744,3.2,The Little Vampire
88,80,3.1,Firedrake the Silver Dragon
88,5646,3.3,Jen Kirkman: Just Keep Livin’?
88,1415,2.4,An Imperfect Murder
88,2696,3.7,The Trial
88,2958,1.2,Is It Wrong to Try to Pick Up Girls in a Dungeon?
88,8515,3.7,The Spy Next Door
88,7871,3.1,Rise of the Zombie
89,7546,1.9,My Sister's Keeper
89,3273,4.3,Klaus
89,3979,3.8,Charlie's Colorforms City
89,6710,3.0,Evan Almighty
89,8726,1.5,When Calls the Heart
89,1597,2.2,You Are My Home
89,208,1.6,Once Upon a Time in Mumbaai
89,2322,4.6,Homemade
89,1700,4.6,Killer Cove
89,1257,2.8,TIGER & BUNNY
89,2159,5.0,Work It
89,5087,3.8,Alejandro Riaño: Especial de stand up
89,8523,2.3,The Super Mario Bros. Super Show!
89,6232,2.2,Barah Aana
89,2131,3.9,Octonauts & the Caves of Sac Actun
89,1924,4.2,We Have Always Lived in the Castle
89,3371,3.2,Consequences
89,5143,2.7,My Happy Family
89,4904,4.2,Running Shaadi
89,1388,4.4,The White Tiger
90,1720,4.5,What We Wanted
90,5019,3.7,Trailer Park Boys: Xmas Special
90,7318,3.8,Little Singham Bandarpur Mein Hu Ha Hu
90,1924,3.2,We Have Always Lived in the Castle
90,5388,3.5,46
90,2400,4.1,The Search
90,2482,1.0,Bye Bye London
90,1195,3.5,Operation Varsity Blues: The College Admissions Scandal
90,210,5.0,Ragini MMS
90,4555,4.1,The Meaning of Monty Python
90,2823,2.2,Miracle in Cell No. 7
90,543,2.7,Undercover
90,5166,4.0,Luna Petunia
90,6392,3.4,Burning
90,933,1.2,Hachi: A Dog's Tale
90,5479,4.0,The Keepers
90,3999,4.1,Amy Schumer Growing
90,3279,2.9,The Club
90,2152,2.6,Selling Sunset
90,6620,2.4,Dog Eat Dog
91,3055,3.9,Cells at Work!
91,8663,3.1,Unruly Friends
91,8538,2.3,The Truth About Alcohol
91,1627,4.3,The Holiday Movies That Made Us
91,473,2.9,Born to Play
91,3521,2.7,Marianne
91,2155,2.5,The Magic School Bus Rides Again Kids In Space
91,3321,4.2,LEGENDS OF THE HIDDEN TEMPLE
91,4839,3.3,B.A. Pass 2
91,3131,1.7,Dil Chahta Hai
91,1288,2.9,Operation Finale
91,2018,1.0,Bhai: Vyakti Ki Valli - Uttarardh
91,2194,4.3,Unlucky Ploy
91,601,1.5,The Karate Kid
91,4942,3.5,Wakfu
91,2869,1.0,Amit Tandon: Family Tandoncies
91,6360,4.0,Border Patrol
91,5964,3.4,Feb-09
91,8776,3.0,Yellowbird
91,7187,1.4,Khotey Sikkey
92,3162,3.3,It Comes at Night
92,6239,2.7,Barbie: A Fairy Secret
92,7060,2.3,In Search of Fellini
92,7711,3.6,Passenger 57
92,6528,2.6,Conor McGregor: Notorious
92,749,3.2,L.A.’s Finest
92,7408,5.0,Married at First Sight
92,1424,3.8,Charming
92,6092,3.6,Adrishya
92,245,3.9,Korean Cold Noodle Rhapsody
92,2030,3.4,Cargo
92,5641,2.6,Under the Shadow
92,6228,1.8,Bangkok Bachelors
92,4080,4.3,Zach Galifianakis: Live at the Purple Onion
92,450,2.8,The Twilight Saga: New Moon
92,6677,3.0,El fin de ETA
92,1770,5.0,Wheels of Fortune
92,5251,3.0,The Royal House of Windsor
92,8210,5.0,The Bill Murray Stories: Life Lessons Learned From a Mythical Man
92,932,2.3,Green Zone
93,5799,2.9,Chef's Table: France
93,6729,2.3,F the Prom
93,3769,2.8,Super Monsters Monster Pets
93,7013,4.1,How the Grinch Stole Christmas
93,8011,4.4,SHOT! The Psycho-Spiritual Mantra of Rock
93,3583,3.3,Sextuplets
93,7206,4.0,Kilo Two Bravo
93,1948,3.6,Van Helsing
93,1928,2.4,Black Butler
93,8292,2.2,The Eyes of My Mother
93,6176,1.0,Anwar
93,2120,2.0,Les Misérables
93,1168,4.7,DOTA: Dragon's Blood
93,6769,2.2,Flock of Four
93,6670,2.3,El último testigo
93,5096,2.7,Fullmetal Alchemist: Brotherhood
93,6240,3.8,Barbie: Princess Charm School
93,2365,2.6,Alexandria ... Why?
93,7580,4.0,Newtown
93,6471,2.4,Chingo Bling: They Can't Deport Us All
94,7584,2.8,Night Moves
94,1861,2.7,Dil
94,4292,1.5,Maps to the Stars
94,5392,1.0,Barbie Life in the Dreamhouse
94,4071,2.0,Can't Help Falling in Love
94,2362,3.4,The Politician
94,5638,1.2,Very Big Shot
94,6317,4.7,Bitcoin Heist
94,4388,4.7,Aalorukkam
94,568,4.6,Dennis the Menace
94,7757,2.9,Porto
94,7175,3.5,Ken Burns: The Civil War
94,6517,3.9,Colours of Passion
94,6363,2.5,Born to Be Free
94,8059,3.7,Soul Surfer
94,7732,3.9,Peter Rabbit
94,3462,2.6,Chicago Typewriter
94,4328,5.0,Teefa in Trouble
94,4081,4.3,Life of An Outcast
94,1885,3.9,Bad Boy Billionaires: India
95,4920,3.1,Dude
95,1294,3.6,Tribes of Europa
95,7264,4.1,"Lady, la vendedora de rosas"
95,2001,1.1,Raising Victor Vargas
95,4911,2.9,The Rachel Divide
95,7867,4.0,"Rica, Famosa, Latina"
95,7078,3.6,Inkheart
95,1719,4.8,We Are All For The Fatherland
95,1109,5.0,Just Say Yes
95,7252,3.1,La Bamba
95,8140,4.1,Swiss Army Man
95,3595,2.9,Calum von Moger: Unbroken
95,5222,1.0,Blessed Benefit
95,1258,5.0,Bigfoot Family
95,8471,2.8,The Pyramid Code
95,167,2.5,Open Season 2
95,1840,3.8,Someone Has to Die
95,4183,3.8,The World's Most Extraordinary Homes
95,6305,3.0,Big Fat Liar
95,691,1.7,So Not Worth It
96,149,2.1,I Got the Hook Up
96,2285,3.5,Players
96,5970,3.0,​Mayurakshi
96,400,2.8,Revelations: The Masters of the Universe: Revelation Aftershow
96,2992,1.4,Sons of the Caliphate
96,5654,2.3,AJIN: Demi-Human
96,7238,4.0,Kuldip Patwal: I Didn't Do It!
96,160,3.2,Major Dad
96,7539,1.5,My Life as a Zucchini
96,6398,3.5,Cabins in the Wild with Dick Strawbridge
96,6530,2.2,Contract
96,509,2.5,Ask the StoryBots
96,8372,3.8,The Jane Austen Book Club
96,5573,2.0,Notes on Blindness
96,236,2.7,Boomika
96,1098,5.0,Mandela
96,435,3.5,Touch Your Heart
96,4184,1.5,Trigger Warning with Killer Mike
96,1796,3.2,Black '47
96,4994,5.0,Bad Guys: Vile City
97,8664,1.0,Up in the Air
97,4841,3.7,November 13: Attack on Paris
97,3991,1.7,The Super Parental Guardians
97,284,3.0,The Kissing Booth 3
97,7039,4.4,I Am Me!
97,2210,3.0,Offering to the Storm
97,2601,3.7,Rich in Love
97,8182,2.7,The Adventures of Figaro Pho
97,7221,4.0,Koko: The Gorilla Who Talks
97,7926,2.4,Samarppanam
97,4987,3.3,Steel Rain
97,835,4.2,Eden
97,6806,3.1,Friends
97,5285,5.0,Reign
97,5642,3.1,Coin Heist
97,1454,1.4,Good Hair
97,144,3.8,House Party
97,4955,1.6,Paheli
97,5693,3.9,For the Love of Spock
97,4456,3.5,Raja Natwarlal
98,2360,3.3,One-Way to Tomorrow
98,5143,3.5,My Happy Family
98,3471,1.0,Nikki Glaser: Bangin’
98,846,1.8,Home
98,4605,2.0,Thaandavam
98,4049,1.3,Sarkar
98,1959,5.0,Enola Holmes
98,7583,3.7,Night Comes On
98,1965,5.0,High & Low The Movie 2 / End of Sky
98,5903,2.9,Creep
98,549,3.9,Big Timber
98,4207,2.3,When Heroes Fly
98,5333,2.8,The Saint
98,1237,4.8,Mariposa
98,8728,3.8,When Two Worlds Collide
98,5733,2.9,Norman Lear: Just Another Version of You
98,8617,3.1,Trash
98,1048,4.8,Power Players
98,497,1.7,Cat People
98,2999,5.0,The Ghost Bride
99,2681,4.5,Stunt School
99,8551,3.6,The War: A Film by Ken Burns and Lynn Novick
99,1637,4.6,Don’t Listen
99,885,4.2,Table Manners
99,4678,3.6,Undercover Law
99,6315,3.5,Birthmarked
99,1130,4.9,Seven Souls in the Skull Castle: Season Bird
99,8137,2.8,Swami Baba Ramdev: The Untold Story
99,6907,3.0,Haapus
99,6932,3.5,Harry & Bunnie
99,2129,2.5,Fearless
99,7757,5.0,Porto
99,7437,1.0,Melle
99,378,2.2,Fantastic Fungi
99,4089,1.9,The Big Family Cooking Showdown
99,1145,3.4,At Eternity's Gate
99,5059,1.3,A Futile and Stupid Gesture
99,3044,3.2,"Live Twice, Love Once"
99,6977,2.5,Hitch
99,2844,2.7,Lil Peep: Everybody’s Everything
100,2629,4.7,Bheeshma
100,4705,3.2,The Guernsey Literary and Potato Peel Pie Society
100,4043,5.0,Secret City
100,1032,3.6,Love Naggers
100,1099,4.8,The Fisherman's Diary
100,1293,1.8,Pitta Kathalu
100,4890,5.0,John Mulaney: Kid Gorgeous at Radio City
100,2566,1.0,Bennett's War
100,8453,4.8,The Physician
100,2257,5.0,Mucho Mucho Amor: The Legend of Walter Mercado
100,3379,1.2,Rattlesnake
100,1347,3.8,Black Beach
100,8048,2.6,Social Animals
100,3398,2.5,Eli
100,8742,3.5,Wild Wild West
100,5055,3.2,Expedition Happiness
100,5588,2.3,Jonas
100,6582,1.9,Dear Santa
100,4054,2.6,Cricket Fever: Mumbai Indians
100,8384,5.0,The Last Exorcism
